bbl,subsidized_today
1011130001,6
1011140061,1
1011147503,0
1011157501,11
1011157502,1
1011157503,28
1011160018,8
1011167501,97
1011167502,0
1011170001,11
1011170013,3
1011170014,124
1011170016,4
1011170023,5
1011170025,14
1011170029,1
1011170039,24
1011170047,12
1011170050,6
1011170051,2
1011170052,3
1011170055,12
1011180001,27
1011180009,2
1011187501,4
1011190029,1
1011200038,2
1011200041,1
1011200055,28
1011200060,8
1011200061,4
1011200140,3
1011200142,7
1011200160,1
1011210001,2
1011210002,3
1011210004,4
1011210005,1
1011210006,2
1011210007,2
1011210009,3
1011210010,2
1011210012,3
1011210013,2
1011210014,5
1011210015,6
1011210016,2
1011210017,15
1011210022,2
1011210023,1
1011210040,8
1011210041,1
1011210042,4
1011210043,2
1011210045,3
1011210047,1
1011210048,6
1011210050,1
1011210051,9
1011210052,6
1011210053,1
1011210057,2
1011210058,2
1011210059,3
1011210060,2
1011210062,4
1011210063,2
1011210064,1
1011210104,3
1011210114,2
1011210123,2
1011220001,8
1011220004,7
1011220006,1
1011220007,2
1011220008,8
1011220010,4
1011220011,4
1011220012,7
1011220013,2
1011220016,2
1011220017,3
1011220018,1
1011220019,1
1011220022,10
1011220040,10
1011220043,2
1011220047,3
1011220051,2
1011220054,2
1011220058,2
1011220059,1
1011220061,1
1011220104,4
1011220145,4
1011220157,3
1011220160,2
1011230001,1
1011230003,1
1011230004,2
1011230007,6
1011230008,1
1011230009,3
1011230011,2
1011230013,4
1011230019,4
1011230020,3
1011230021,4
1011230023,2
1011230025,5
1011230026,1
1011230038,2
1011230039,2
1011230042,8
1011230044,5
1011230047,3
1011230048,1
1011230051,3
1011230054,1
1011230056,3
1011230057,5
1011230059,8
1011230060,4
1011230061,6
1011230064,2
1011230111,1
1011230118,2
1011230123,2
1011240001,4
1011240003,11
1011240005,1
1011240011,8
1011240012,2
1011240013,12
1011240015,2
1011240019,3
1011240021,2
1011240042,14
1011240046,1
1011240050,10
1011240051,18
1011240056,13
1011240057,39
1011240059,71
1011240062,3
1011240111,5
1011240115,4
1011247501,11
1011250001,13
1011250002,4
1011250009,140
1011250024,11
1011250056,3
1011250059,3
1011250060,2
1011250061,14
1011250062,14
1011250156,2
1011257501,25
1011257502,22
1011260001,1
1011260002,1
1011260004,1
1011260005,2
1011260007,2
1011260008,1
1011260009,1
1011260014,29
1011260021,3
1011260022,2
1011260027,2
1011260028,3
1011260029,10
1011260038,5
1011260053,3
1011260055,6
1011260104,4
1011267502,6
1011267503,1
1011270001,4
1011270003,9
1011270005,5
1011270006,4
1011270007,2
1011270008,2
1011270009,1
1011270010,7
1011270014,3
1011270016,6
1011270019,7
1011270020,3
1011270021,8
1011270022,5
1011270023,5
1011270039,7
1011270040,4
1011270041,1
1011270042,5
1011270043,2
1011270044,2
1011270047,3
1011270048,2
1011270050,3
1011270051,1
1011270052,2
1011270053,7
1011270055,5
1011270057,3
1011270058,2
1011270059,3
1011270061,5
1011270109,4
1011270146,1
1011270151,2
1011270159,3
1011280001,25
1011280005,3
1011280006,3
1011280008,2
1011280009,2
1011280010,1
1011280011,5
1011280012,3
1011280013,6
1011280014,5
1011280015,2
1011280017,1
1011280018,3
1011280019,3
1011280021,19
1011280026,2
1011280027,1
1011280039,2
1011280040,1
1011280041,2
1011280042,6
1011280043,5
1011280044,16
1011280045,4
1011280047,1
1011280050,3
1011280051,6
1011280055,4
1011280059,2
1011280060,2
1011280061,108
1011280109,1
1011280115,2
1011280152,1
1011280156,5
1011280159,2
1011287503,1
1011290002,12
1011290006,5
1011290007,2
1011290008,1
1011290009,11
1011290011,2
1011290013,1
1011290015,3
1011290017,5
1011290018,5
1011290019,4
1011290020,9
1011290047,16
1011290059,15
1011290064,9
1011290114,1
1011320021,516
1011320035,678
1011380001,27
1011380033,2
1011380034,1
1011380035,1
1011380036,3
1011380061,5
1011390057,8
1011390107,2
1011400026,11
1011400027,13
1011400029,2
1011400030,9
1011400032,3
1011400033,1
1011400037,8
1011400039,4
1011400046,10
1011400133,12
1011407501,44
1011410013,38
1011410015,25
1011410017,4
1011410018,1
1011410024,1
1011410025,3
1011410026,3
1011410029,5
1011410030,4
1011410032,1
1011410037,6
1011410045,1
1011410047,3
1011410048,6
1011410049,3
1011410050,11
1011410051,7
1011410118,3
1011410126,9
1011417502,12
1011420022,6
1011420023,4
1011420027,1
1011420029,1
1011420031,3
1011420032,2
1011420033,3
1011420035,10
1011420036,8
1011420038,4
1011420039,16
1011420041,2
1011420042,5
1011420043,3
1011420044,2
1011420047,1
1011420048,5
1011420064,134
1011420136,7
1011420137,1
1011420141,8
1011430007,6
1011430008,1
1011430010,1
1011430015,14
1011430019,5
1011430020,7
1011430024,2
1011430027,8
1011430030,113
1011430031,5
1011430037,6
1011430039,1
1011430042,13
1011430044,4
1011430045,4
1011430046,4
1011430047,1
1011430048,1
1011430049,23
1011430057,2
1011430060,14
1011430146,4
1011437502,2
1011437503,2
1011437504,6
1011437505,0
1011440001,25
1011440006,5
1011440008,2
1011440010,2
1011440016,5
1011440021,3
1011440024,7
1011440031,4
1011440032,4
1011440033,3
1011440039,1
1011440041,5
1011440042,2
1011440043,8
1011440044,1
1011440045,1
1011440046,2
1011440047,13
1011440049,15
1011440050,6
1011440051,9
1011440052,1
1011440053,2
1011440056,69
1011440061,35
1011440105,4
1011440113,7
1011440115,2
1011440138,1
1011440145,2
1011447501,2
1011450007,4
1011450010,3
1011450011,2
1011450012,0
1011450025,22
1011450029,3
1011450031,4
1011450032,2
1011450033,1
1011450034,1
1011450037,2
1011450038,4
1011450040,5
1011450041,6
1011450042,1
1011450043,4
1011450045,2
1011450046,1
1011450047,1
1011450048,1
1011450052,56
1011450055,3
1011450061,9
1011450105,1
1011450137,1
1011450138,1
1011450147,4
1011450155,5
1011460001,4
1011460002,2
1011460008,6
1011460011,3
1011460012,3
1011460013,1
1011460015,6
1011460016,3
1011460017,23
1011460022,13
1011460024,1
1011460025,2
1011460026,1
1011460028,6
1011460029,5
1011460030,3
1011460031,4
1011460037,1
1011460040,4
1011460042,1
1011460043,3
1011460046,1
1011460047,2
1011460048,6
1011460052,7
1011460053,4
1011460054,3
1011460055,2
1011460057,2
1011460058,2
1011460060,1
1011460061,67
1011460105,9
1011460106,4
1011460112,1
1011460126,3
1011460142,4
1011460147,1
1011460152,1
1011460156,2
1011460160,1
1011467501,7
1011467504,1
1011470006,2
1011470007,2
1011470008,5
1011470009,10
1011470010,10
1011470011,9
1011470012,1
1011470013,10
1011470014,1
1011470015,4
1011470017,1
1011470018,1
1011470021,6
1011470022,7
1011470023,2
1011470024,3
1011470026,1
1011470027,5
1011470028,4
1011470029,20
1011470030,12
1011470033,1
1011470034,2
1011470036,1
1011470040,2
1011470047,2
1011470050,1
1011470051,4
1011470052,3
1011470053,2
1011470054,1
1011470055,1
1011470107,2
1011470111,5
1011470115,2
1011470121,1
1011470150,2
1011477501,9
1011480001,33
1011480006,3
1011480007,4
1011480010,1
1011480011,1
1011480012,2
1011480055,2
1011480056,6
1011480059,30
1011480060,28
1011480061,4
1011480062,1
1011480064,1
1011480107,7
1011480110,6
1011480112,10
1011480160,22
1011490017,4
1011490023,7
1011490026,1
1011490027,4
1011490030,3
1011490031,5
1011490033,13
1011490042,9
1011490044,1
1011490061,4
1011497501,2
1011500001,63
1011500010,3
1011500011,4
1011500013,1
1011500017,3
1011500021,1
1011500024,8
1011500034,1
1011500035,6
1011500037,6
1011500041,20
1011500048,10
1011500051,1
1011500112,1
1011500121,7
1011507504,50
1011517502,0
1011517503,0
1011520013,600
1011520056,1
1011527502,0
1011540156,28
1011540158,22
1011540160,18
1011540162,22
1011560001,0
1011560020,0
1011580012,472
1011580033,90
1011580038,66
1011587501,24
1011587502,26
1011587503,28
1011587504,27
1011587505,27
1011587506,0
1011587507,0
1011620001,1
1011620005,10
1011620008,4
1011620009,2
1011620010,2
1011620016,3
1011620023,1
1011620024,2
1011620026,1
1011620029,1
1011620040,6
1011620046,22
1011620050,8
1011620051,2
1011620056,1
1011620061,2
1011620107,3
1011620109,2
1011620124,1
1011620141,12
1011620157,6
1011620161,14
1011627501,29
1011630001,9
1011630011,2
1011630020,8
1011630024,2
1011630043,7
1011630045,2
1011630046,1
1011630047,6
1011630048,4
1011630049,2
1011630051,7
1011630052,2
1011630053,12
1011630056,7
1011630058,5
1011630061,3
1011630114,3
1011630144,2
1011637502,3
1011637503,392
1011640001,7
1011640002,2
1011640004,1
1011640005,83
1011640011,8
1011640013,14
1011640014,3
1011640016,1
1011640047,65
1011640050,3
1011640051,11
1011640053,9
1011640054,7
1011640055,7
1011640056,10
1011640057,1
1011640058,3
1011640059,9
1011640060,4
1011640153,6
1011640157,3
1011640159,9
1011650001,1
1011650002,2
1011650003,1
1011650005,4
1011650052,2
1011650056,9
1011650059,5
1011650103,1
1011650104,3
1011650105,1
1011650153,5
1011657502,1
1011657503,56
1011660006,6
1011660007,5
1011660014,1
1011660035,319
1011660045,4
1011660061,5
1011660154,1
1011670007,12
1011670010,2
1011670058,5
1011670059,17
1011670104,18
1011677501,15
1011677502,0
1011680001,6
1011680002,2
1011680004,4
1011680005,1
1011680007,8
1011680010,17
1011680029,1
1011680058,10
1011680060,1
1011680061,5
1011680104,4
1011680107,3
1011680161,4
1011687501,0
1011690008,57
1011690016,362
1011690029,21
1011690040,17
1011690042,10
1011690057,88
1011697501,3
1011697502,0
1011700012,26
1011700021,1
1011700022,1
1011700023,1
1011700037,1
1011700039,2
1011700040,6
1011700041,1
1011700042,1
1011700120,2
1011700122,5
1011707501,18
1011707502,48
1011710062,992
1011710063,500
1011710129,480
1011710132,153
1011710133,708
1011710148,0
1011710157,214
1011710165,0
1011717505,0
1011717506,662
1011717507,0
1011717508,690
1011717509,108
1011717510,0
1011717511,232
1011797501,23
1011797502,21
1011797503,33
1011820012,0
1011820029,72
1011820046,5
1011820048,1
1011827501,2
1011830017,2
1011830018,2
1011830019,3
1011830022,13
1011830024,2
1011830026,2
1011830027,1
1011830029,13
1011830032,1
1011830037,11
1011830046,1
1011830050,5
1011830053,36
1011830117,1
1011830118,1
1011830124,1
1011830127,9
1011830131,7
1011840002,7
1011840004,13
1011840006,7
1011840007,3
1011840019,3
1011840022,1
1011840024,2
1011840031,16
1011840062,1
1011840064,2
1011840065,5
1011840066,5
1011840067,3
1011840072,2
1011840073,3
1011840074,1
1011840087,7
1011840089,10
1011840099,3
1011840100,1
1011840101,2
1011840103,1
1011847501,3
1011850001,21
1011850008,2
1011850010,1
1011850011,6
1011850012,1
1011850013,1
1011850019,1
1011850024,2
1011850028,9
1011850029,1
1011850030,2
1011850031,6
1011850032,5
1011850037,4
1011850038,6
1011850039,7
1011850041,3
1011850042,1
1011850047,3
1011850050,7
1011850051,5
1011850052,5
1011850053,3
1011850056,1
1011850057,1
1011850058,2
1011850061,2
1011850064,5
1011850066,1
1011850067,3
1011850070,1
1011850080,6
1011850084,3
1011850086,1
1011850087,2
1011850088,5
1011850089,2
1011850090,9
1011850092,2
1011850093,1
1011850094,3
1011850095,5
1011850096,3
1011850150,2
1011850196,1
1011860009,17
1011860013,2
1011860015,19
1011860025,48
1011860033,6
1011860034,2
1011860036,4
1011860037,9
1011860038,2
1011860040,4
1011860052,2
1011860068,2
1011860069,3
1011860070,4
1011860083,16
1011860084,8
1011950001,1
1011950010,5
1011950014,16
1011950041,2
1011950042,1
1011950048,9
1011950051,4
1011950052,1
1011950054,14
1011950057,5
1011950058,1
1011950059,1
1011950060,2
1011950062,1
1011950063,2
1011950064,1
1011950152,2
1011950157,1
1011960001,2
1011960002,4
1011960004,6
1011960005,1
1011960006,3
1011960007,8
1011960009,1
1011960019,6
1011960020,1
1011960022,1
1011960023,3
1011960024,1
1011960029,10
1011960042,2
1011960043,2
1011960046,12
1011960048,2
1011960049,10
1011960051,5
1011960052,3
1011960057,1
1011960061,15
1011960062,4
1011960063,12
1011960064,7
1011960105,1
1011960114,3
1011960137,1
1011970001,1
1011970002,6
1011970003,3
1011970004,5
1011970010,1
1011970027,26
1011970036,1
1011970052,1
1011970057,1
1011970058,2
1011970059,4
1011970061,7
1011970063,1
1011970064,7
1011970106,1
1011970113,13
1011970119,1
1011970157,4
1011970159,3
1011977501,3
1011980001,15
1011980003,7
1011980006,4
1011980013,1
1011980014,3
1011980015,14
1011980017,31
1011980019,16
1011980024,10
1011980025,5
1011980029,34
1011980037,4
1011980038,2
1011980040,1
1011980041,1
1011980042,1
1011980043,3
1011980048,5
1011980049,4
1011980050,1
1011980052,8
1011980054,1
1011980056,1
1011980057,1
1011980058,3
1011980059,4
1011980111,1
1011980126,2
1011980138,6
1011980143,8
1011980147,2
1011980153,1
1011987502,4
1011990001,13
1011990006,5
1011990008,1
1011990009,4
1011990010,6
1011990011,4
1011990013,25
1011990016,2
1011990018,6
1011990019,4
1011990021,1
1011990024,2
1011990025,2
1011990026,3
1011990029,10
1011990042,1
1011990043,1
1011990045,15
1011990052,4
1011990055,18
1011990058,10
1011990061,13
1011990117,1
1012000001,2
1012000002,2
1012000005,19
1012000008,2
1012000009,2
1012000010,2
1012000011,37
1012000015,14
1012000019,30
1012000025,11
1012000037,1
1012000038,4
1012000039,3
1012000040,3
1012000042,1
1012000043,1
1012000047,1
1012000051,1
1012000052,14
1012000053,1
1012000055,2
1012000056,5
1012000064,1
1012000142,2
1012000150,1
1012000152,1
1012010009,10
1012010011,5
1012010012,7
1012010013,1
1012010016,2
1012010019,3
1012010020,2
1012010021,4
1012010023,14
1012010027,6
1012010034,35
1012010039,1
1012010042,2
1012010043,6
1012010044,4
1012010045,8
1012010046,4
1012010048,0
1012010050,1
1012010051,4
1012010052,3
1012010053,1
1012010055,1
1012010056,1
1012010058,86
1012010110,1
1012010122,1
1012010140,6
1012020001,0
1012020011,1
1012020012,3
1012020013,2
1012020018,3
1012020019,1
1012020020,4
1012020042,2
1012020043,3
1012020048,2
1012020050,1
1012020053,2
1012020054,1
1012020055,3
1012020058,2
1012020112,3
1012020116,1
1012020141,8
1012020145,5
1012020149,4
1012020153,1
1012030001,0
1012030005,3
1012030007,3
1012030010,4
1012030011,1
1012030017,2
1012030018,2
1012030021,5
1012030022,6
1012030023,10
1012030025,2
1012030031,14
1012030033,25
1012030038,2
1012030039,1
1012030040,5
1012030041,2
1012030042,3
1012030045,1
1012030047,3
1012030054,2
1012030055,5
1012030109,6
1012030117,18
1012030121,4
1012030138,4
1012030150,3
1012037501,1
1012037502,2
1012040001,0
1012040008,1
1012040009,2
1012040010,2
1012040011,2
1012040012,1
1012040013,6
1012040015,1
1012040016,2
1012040020,1
1012040051,3
1012040052,1
1012040054,5
1012040106,2
1012040153,10
1012050022,29
1012050029,5
1012060001,146
1012060010,31
1012060017,6
1012060045,72
1012067501,13
1012070001,0
1012070006,4
1012070015,1
1012070029,1
1012070045,3
1012080001,175
1012080015,1
1012080027,1
1012080029,76
1012080039,1
1012080041,2
1012080042,2
1012080045,1
1012080050,9
1012080052,2
1012080114,1
1012090001,179
1012090006,6
1012090021,2
1012090025,1
1012090027,5
1012090028,1
1012090042,1
1012090044,1
1012090046,9
1012090047,6
1012090048,3
1012090049,1
1012090109,16
1012090123,2
1012090126,6
1012090142,5
1012090148,2
1012100001,16
1012100004,5
1012100005,12
1012100009,7
1012100012,11
1012100017,1
1012100019,3
1012100023,1
1012100025,1
1012100037,1
1012100038,4
1012100039,7
1012100041,2
1012100044,1
1012100045,3
1012100048,1
1012100049,2
1012100050,1
1012100052,3
1012100055,17
1012100138,4
1012100149,1
1012107503,1
1012110003,9
1012110005,1
1012110006,7
1012110007,0
1012110009,2
1012110010,1
1012110011,3
1012110013,1
1012110014,1
1012110015,1
1012110016,2
1012110017,1
1012110018,3
1012110019,1
1012110020,2
1012110022,2
1012110027,1
1012110028,1
1012110029,6
1012110034,5
1012110037,1
1012110038,2
1012110040,1
1012110041,5
1012110043,1
1012110052,10
1012110056,4
1012110059,5
1012110063,1
1012110121,4
1012110142,9
1012120001,8
1012120003,6
1012120005,3
1012120006,11
1012120008,10
1012120009,4
1012120019,1
1012120022,7
1012120024,2
1012120025,1
1012120026,7
1012120046,1
1012120052,0
1012120053,11
1012120064,1
1012120110,38
1012120118,1
1012130001,1
1012130014,3
1012130015,2
1012130022,7
1012130023,3
1012130034,9
1012130035,8
1012130036,9
1012130037,4
1012130040,6
1012130042,144
1012130051,33
1012130060,9
1012130061,1
1012130107,1
1012137503,6
1012137504,7
1012140002,5
1012140003,7
1012140005,7
1012140006,5
1012140007,5
1012140012,1
1012140017,4
1012140018,5
1012140054,3
1012140059,4
1012140060,5
1012140061,2
1012140062,1
1012140063,16
1012150033,13
1012150035,1
1012150056,2
1012150063,3
1012150064,2
1012160004,3
1012160006,5
1012160008,5
1012160011,3
1012160018,1
1012160019,1
1012160020,4
1012160023,1
1012160027,14
1012160033,1
1012160034,1
1012160038,2
1012160039,17
1012160043,3
1012160044,3
1012160047,2
1012160048,17
1012160050,1
1012160051,18
1012160054,12
1012160060,17
1012160104,3
1012160108,3
1012160111,4
1012160140,16
1012160143,2
1012167502,12
1012170017,5
1012170023,4
1012170025,16
1012170029,3
1012170034,3
1012170035,6
1012170038,2
1012170041,2
1012170045,1
1012170046,1
1012170049,4
1012170050,8
1012170057,404
1012170064,4
1012170113,2
1012170136,3
1012170146,10
1012180015,12
1012180022,6
1012180044,2
1012180047,2
1012180049,2
1012190022,3
1012190057,1
1012190059,1
1012190118,1
1012200001,528
1012200012,0
1012200013,0
1012200029,0
1012207501,2
1012210029,26
1012220049,1
1012220050,2
1012220051,2
1012220052,1
1012220053,2
1012220054,6
1012220056,2
1012220057,2
1012230020,1
1012230125,1
1012237501,8
1012237502,3
1012237503,112
1012237504,28
1012240001,10
1012240023,4
1012240029,0
1012240038,1
1012240054,1
1012240058,0
1012250001,0
1012250017,6
1012250023,2
1012250029,0
1012250052,1
1012250055,6
1012260009,2
1012260010,3
1012260012,2
1012260013,1
1012260015,3
1012260016,1
1012260026,1
1012260029,7
1012260037,7
1012260039,6
1012260040,10
1012260043,1
1012260045,0
1012260108,7
1012270022,2
1012270025,5
1012270026,1
1012270027,3
1012270033,1
1012270034,1
1012270035,4
1012270036,3
1012270037,3
1012270038,2
1012270039,3
1012270040,6
1012270041,4
1012270042,2
1012270061,19
1012270063,27
1012270123,5
1012280001,14
1012280013,14
1012280023,3
1012280025,6
1012280026,5
1012280027,5
1012280028,6
1012280029,6
1012280030,3
1012280031,2
1012280032,3
1012280033,3
1012280034,3
1012280036,29
1012280037,10
1012280039,3
1012280061,7
1012290006,5
1012290008,4
1012290029,1
1012290033,3
1012290034,2
1012290035,1
1012290036,2
1012290037,22
1012290039,3
1012290040,2
1012290041,10
1012290042,11
1012290043,12
1012290045,4
1012290047,2
1012290049,1
1012297501,1
1012297502,32
1012300029,2
1012300030,6
1012300031,5
1012300032,3
1012300034,1
1012300035,2
1012300036,3
1012300037,1
1012300043,27
1012300133,6
1012300135,1
1012307501,1
1012310007,14
1012310026,64
1012310029,4
1012310030,32
1012310031,3
1012310036,4
1012310039,0
1012310040,40
1012310059,1
1012320029,7
1012320031,4
1012320033,30
1012320034,3
1012320036,3
1012320037,3
1012320055,34
1012320061,8
1012320064,2
1012327501,8
1012327502,20
1012330001,2
1012330016,143
1012330024,5
1012330027,70
1012330028,7
1012330029,28
1012330033,1
1012330058,8
1012330160,3
1012337501,3
1012350001,5
1012350002,20
1012350010,11
1012350026,4
1012350031,3
1012350032,4
1012350033,1
1012350034,5
1012350035,3
1012350037,10
1012350038,2
1012350039,3
1012350040,7
1012350041,5
1012350042,5
1012350061,73
1012350156,1
1012360010,102
1012360029,48
1012360032,1
1012360033,17
1012360034,18
1012360035,15
1012360036,11
1012360037,47
1012360044,22
1012360061,4
1012367502,20
1012367503,2
1012370005,2
1012370017,2
1012370029,2
1012370033,36
1012380001,9
1012380003,3
1012380007,5
1012380009,1
1012380046,61
1012380052,3
1012380054,7
1012380056,3
1012380057,1
1012380059,4
1012380061,5
1012380062,3
1012380101,3
1012380104,5
1012380106,2
1012380156,7
1012387501,17
1012387503,11
1012390004,13
1012390007,5
1012390010,1
1012390023,1
1012390027,5
1012390028,5
1012390029,5
1012390030,3
1012390031,3
1012390032,1
1012390033,6
1012390034,5
1012390035,3
1012390036,5
1012390044,21
1012390056,3
1012390058,9
1012390059,12
1012390105,2
1012390108,5
1012397501,4
1012397502,5
1012400010,66
1012400024,8
1012400029,23
1012400036,27
1012400052,286
1012400057,6
1012400156,7
1012407502,17
1012410001,18
1012410009,1
1012410010,38
1012410035,1
1012410036,1
1012410038,11
1012410046,15
1012410061,30
1012410106,3
1012420001,11
1012420003,6
1012420009,2
1012420010,570
1012420029,5
1012420031,2
1012420033,4
1012420034,4
1012420036,9
1012420040,14
1012420041,9
1012420042,8
1012420062,2
1012420128,12
1012429055,0
1012430010,1
1012430028,7
1012430030,1
1012430031,16
1012430032,2
1012430033,5
1012430034,4
1012430035,6
1012430036,2
1012430037,4
1012430038,5
1012430042,94
1012430061,32
1012430136,2
1012430139,18
1012440012,1
1012440027,3
1012440028,4
1012440029,2
1012440030,2
1012440034,3
1012440035,14
1012440059,8
1012440072,23
1012440081,14
1012440082,2
1012440090,56
1012440159,2
1012450003,15
1012450008,1
1012450010,9
1012450011,8
1012450013,2
1012450015,1
1012450025,1
1012450033,1
1012450034,9
1012450039,2
1012450040,10
1012450043,3
1012450045,2
1012450046,5
1012450059,1
1012450061,5
1012450069,1
1012450073,2
1012450075,93
1012450080,1
1012450086,0
1012450088,32
1012450091,1
1012450092,4
1012460001,28
1012460007,15
1012460015,2
1012460017,5
1012460018,7
1012460021,2
1012460024,1
1012460026,1
1012460027,1
1012460028,2
1012460029,4
1012460039,5
1012460044,14
1012460046,1
1012460053,8
1012460057,6
1012460115,9
1012460118,5
1012460123,1
1012470001,1
1012470010,33
1012470013,15
1012470015,27
1012470017,5
1012470018,1
1012470019,2
1012470020,2
1012470021,1
1012470029,56
1012470043,3
1012470119,1
1012470126,5
1012477501,4
1012477502,0
1012480001,1
1012480019,4
1012480022,8
1012480027,5
1012480029,1
1012480037,11
1012480039,9
1012480041,14
1012480045,2
1012480048,2
1012480051,8
1012480053,5
1012480153,3
1012490011,1
1012490013,3
1012490014,10
1012490018,5
1012490020,2
1012490022,14
1012490025,3
1012490026,1
1012490036,10
1012490037,2
1012490039,1
1012490040,1
1012490041,3
1012490042,3
1012490043,3
1012490044,1
1012490047,1
1012490048,2
1012490050,4
1012490051,4
1012490052,4
1012490053,4
1012490057,25
1012490115,8
1012490119,1
1012490146,4
1012490149,7
1012500001,0
1012500011,4
1012500012,1
1012500013,3
1012500014,5
1012500016,1
1012500017,1
1012500018,2
1012500021,2
1012500022,2
1012500023,3
1012500024,2
1012500030,59
1012500039,2
1012500040,2
1012500043,10
1012500045,7
1012500047,1
1012500050,2
1012500051,0
1012500052,1
1012500053,2
1012500055,3
1012500059,2
1012500060,1
1012500075,3
1012500077,1
1012500078,1
1012500080,6
1012500088,1
1012500101,4
1012500102,2
1012500105,1
1012500106,2
1012500110,6
1012500122,4
1012507503,5
1012507504,13
1012510008,5
1012510017,3
1012510018,4
1012510019,2
1012510028,8
1012510047,5
1012510048,4
1012510052,1
1012510062,4
1012510066,3
1012510071,1
1012510118,4
1012510166,7
1012517501,11
1012520001,15
1012520005,13
1012520008,2
1012520011,2
1012520014,3
1012520015,3
1012520016,2
1012520017,11
1012520020,10
1012520022,46
1012520024,94
1012520025,66
1012520027,106
1012520029,42
1012520034,8
1012520038,14
1012520041,2
1012520044,1
1012520057,43
1012520072,9
1012520075,2
1012530007,8
1012530016,3
1012530021,258
1012530045,14
1012530048,16
1012530064,5
1012530086,2
1012530088,10
1012530090,1
1012537503,64
1018320006,1
1018320013,15
1018320016,37
1018320025,0
1018320036,1
1018320043,181
1018327502,0
1018337501,51
1018337502,32
1018337503,94
1018337504,112
1018337505,112
1018337506,264
1018337507,126
1018360019,38
1018360020,38
1018360021,3
1018360023,0
1018360025,2
1018360026,1
1018360029,5
1018360031,5
1018360036,5
1018360037,5
1018360041,18
1018360043,18
1018360047,14
1018370021,0
1018370026,3
1018370027,20
1018370029,2
1018377501,7
1018380021,92
1018380022,0
1018380037,8
1018380038,32
1018380039,20
1018380040,3
1018380041,11
1018380042,7
1018380044,9
1018380045,20
1018380047,20
1018387501,5
1018387502,44
1018390018,26
1018390021,3
1018390022,2
1018390023,0
1018390026,7
1018390027,2
1018390028,8
1018390037,2
1018390041,1
1018390045,40
1018390125,3
1018400001,4
1018400003,10
1018400005,78
1018400010,4
1018400012,6
1018400029,2
1018400033,3
1018400035,78
1018400037,0
1018400039,4
1018400054,30
1018400055,33
1018400056,7
1018400059,10
1018400060,20
1018400153,6
1018400157,0
1018410001,0
1018410003,16
1018410004,24
1018410006,8
1018410007,10
1018410008,5
1018410010,7
1018410011,2
1018410023,18
1018410054,7
1018410055,4
1018410058,2
1018410059,1
1018410061,11
1018410062,16
1018410063,8
1018410064,2
1018410160,3
1018417502,0
1018420002,6
1018420003,2
1018420004,4
1018420005,7
1018420007,13
1018420010,16
1018420012,16
1018420013,0
1018420021,8
1018420029,22
1018420039,6
1018420042,0
1018420047,3
1018420051,0
1018420053,18
1018420055,21
1018420057,19
1018420062,4
1018420063,9
1018427501,5
1018427503,0
1018430001,3
1018430003,36
1018430004,12
1018430005,3
1018430014,44
1018430015,48
1018430016,36
1018430017,9
1018430020,0
1018430022,14
1018430025,0
1018430026,24
1018430029,10
1018430031,7
1018430032,5
1018430034,17
1018430036,2
1018430037,13
1018430040,13
1018430044,25
1018430055,6
1018430058,20
1018430060,7
1018430061,15
1018430062,7
1018430063,1
1018437501,2
1018440001,136
1018440005,38
1018440009,20
1018440020,0
1018440025,14
1018440027,9
1018440033,5
1018440055,60
1018440058,12
1018440155,14
1018450001,2
1018450004,5
1018450005,26
1018450007,24
1018450014,72
1018450058,8
1018510005,36
1018510008,245
1018510012,5
1018510016,8
1018510024,2
1018517501,28
1018520001,99
1018520020,138
1018520031,142
1018527501,658
1018527502,200
1018590015,0
1018590022,5
1018590023,3
1018590024,12
1018590027,20
1018590029,20
1018590030,20
1018590031,3
1018590033,4
1018590035,8
1018590037,7
1018590039,26
1018590046,0
1018590128,20
1018597501,112
1018600011,2
1018600026,5
1018600027,0
1018600028,4
1018600029,12
1018600031,6
1018600032,5
1018600033,6
1018600034,17
1018600035,2
1018600036,5
1018600057,43
1018600061,17
1018600063,5
1018600064,5
1018600128,2
1018610001,5
1018610003,13
1018610004,12
1018610005,5
1018610010,0
1018610020,2
1018610021,3
1018610024,3
1018610025,2
1018610027,2
1018610028,1
1018610029,2
1018610031,3
1018610032,6
1018610034,24
1018610057,20
1018610058,19
1018610059,13
1018610060,11
1018610061,11
1018610064,12
1018610121,2
1018620001,4
1018620002,13
1018620003,10
1018620061,6
1018620062,6
1018620063,2
1018620064,4
1018627501,50
1018630001,0
1018630002,0
1018630029,0
1018630037,38
1018630039,38
1018630041,38
1018630043,30
1018630045,4
1018630046,10
1018630047,20
1018630049,60
1018630052,13
1018630053,13
1018630054,2
1018630055,4
1018630056,4
1018630057,3
1018630058,1
1018630059,6
1018630060,3
1018630061,4
1018640009,0
1018640023,96
1018640036,0
1018640039,36
1018680001,58
1018680020,6
1018680040,11
1018680044,9
1018690001,10
1018690006,11
1018690029,16
1018690033,4
1018690034,1
1018690035,2
1018690036,1
1018690044,31
1018690059,4
1018690064,8
1018690104,7
1018690136,40
1018690137,40
1018697501,10
1018697502,2
1018697503,39
1018700001,8
1018700003,6
1018700005,1
1018700029,0
1018700030,5
1018700031,8
1018700032,1
1018700033,3
1018700035,10
1018700037,50
1018700042,44
1018700043,36
1018700045,274
1018700056,31
1018700060,68
1018707501,1
1018707502,10
1018707503,9
1018710001,50
1018710010,62
1018710020,10
1018710061,32
1018717501,0
1018717502,0
1018720007,1
1018720008,1
1018720019,4
1018720043,324
1018720052,7
1018720060,5
1018720061,110
1018720108,2
1018720157,4
1018730001,10
1018730010,12
1018730020,24
1018730029,5
1018730030,5
1018730031,41
1018730034,1
1018730035,6
1018730036,3
1018730037,11
1018730039,48
1018730041,12
1018730042,70
1018730052,2
1018730058,2
1018730059,5
1018730061,2
1018730062,2
1018730106,2
1018730162,4
1018740001,3
1018740002,2
1018740004,1
1018740006,1
1018740022,12
1018740024,6
1018740025,34
1018740027,3
1018740052,0
1018740064,6
1018740105,3
1018740156,6
1018747501,33
1018750001,41
1018750010,29
1018750026,2
1018750029,22
1018750036,28
1018750037,1
1018750039,2
1018750040,10
1018750041,10
1018750042,1
1018750043,8
1018750053,10
1018750056,2
1018750058,15
1018750139,3
1018750146,5
1018760001,52
1018760007,8
1018760012,10
1018760030,0
1018760032,1
1018760033,1
1018760034,0
1018760035,0
1018760036,0
1018760037,0
1018760039,0
1018760058,6
1018760060,4
1018760061,166
1018760134,0
1018760135,0
1018767501,10
1018770018,72
1018770022,23
1018770025,4
1018770028,22
1018770031,6
1018770032,5
1018770033,7
1018770034,6
1018770035,5
1018770036,8
1018770037,22
1018770039,36
1018770048,4
1018770049,4
1018770052,1
1018770061,32
1018780012,82
1018780017,5
1018780019,2
1018780020,4
1018780021,29
1018780025,32
1018780029,6
1018780030,3
1018780031,8
1018780033,9
1018780036,8
1018780037,26
1018780042,23
1018780047,25
1018780052,25
1018790011,5
1018790013,103
1018790015,6
1018790021,6
1018790023,7
1018790024,24
1018790026,1
1018790027,18
1018790029,9
1018790031,10
1018790036,30
1018790037,11
1018790041,0
1018790043,28
1018790049,8
1018790051,10
1018790056,2
1018790061,3
1018790136,10
1018797501,0
1018797502,0
1018800001,3
1018800007,4
1018800010,0
1018800021,9
1018800023,9
1018800025,3
1018800027,8
1018800029,20
1018800037,7
1018800039,3
1018800040,2
1018800042,7
1018800044,4
1018800053,6
1018800055,50
1018807501,4
1018810001,5
1018810006,2
1018810007,6
1018810008,4
1018810009,3
1018810010,5
1018810011,1
1018810012,6
1018810015,6
1018810017,15
1018810019,6
1018810022,8
1018810024,5
1018810025,5
1018810026,6
1018810027,3
1018810028,3
1018810029,24
1018810032,22
1018810035,1
1018817501,11
1018817502,4
1018817503,16
1018870001,0
1018870003,9
1018870015,4
1018870016,2
1018870019,9
1018870022,1
1018870036,6
1018870040,33
1018870045,5
1018870047,1
1018870048,194
1018870058,22
1018870061,2
1018870065,2
1018877501,40
1018880001,52
1018880007,25
1018880015,29
1018880025,1
1018880031,12
1018880036,11
1018880043,27
1018880053,9
1018880063,11
1018880067,10
1018880076,2
1018880087,30
1018887501,2
1018887502,7
1018887503,32
1018890001,46
1018890008,15
1018890009,8
1018890011,3
1018890012,2
1018890013,6
1018890014,1
1018890022,8
1018890025,9
1018890026,3
1018890027,10
1018890031,1
1018890032,3
1018890040,26
1018890043,3
1018890046,23
1018890060,10
1018890061,2
1018890063,3
1018890069,2
1018890072,6
1018890076,10
1018890110,3
1018890126,1
1018890128,1
1018897501,5
1018900001,2
1018900007,18
1018900015,32
1018900036,26
1018900040,10
1018900045,2
1018900047,2
1018900048,3
1018900063,5
1018900064,11
1018900068,3
1018900069,3
1018900070,1
1018900072,2
1018900073,5
1018900151,3
1018910011,2
1018910026,54
1018910027,7
1018910028,3
1018910029,5
1018910031,3
1018910032,2
1018910033,2
1018910034,4
1018910035,3
1018910043,7
1018910044,3
1018910045,5
1018910046,6
1018910047,5
1018910048,3
1018910049,4
1018910052,2
1018910054,21
1018910055,8
1018910057,44
1018910065,10
1018910066,4
1018910068,11
1018910070,4
1018910127,2
1018910159,7
1018917502,19
1018920001,1
1018920005,6
1018920010,16
1018920011,11
1018920012,12
1018920013,47
1018920016,22
1018920019,18
1018920022,3
1018920023,3
1018920024,5
1018920026,1
1018920027,2
1018920032,10
1018920039,4
1018920042,2
1018920045,6
1018920046,19
1018920049,2
1018920057,15
1018920058,1
1018920062,1
1018920063,1
1018920064,1
1018920121,3
1018920141,4
1018920144,5
1018930009,4
1018930011,13
1018930012,8
1018930021,3
1018930022,9
1018930023,2
1018930024,3
1018930035,3
1018930039,39
1018937501,16
1018937502,8
